id,name,sal
0,Gary Tucker,1825937
1,Mary Sullivan,1106596
2,Ricky Gualtieri,2073171
3,Sherlene Green,532390
4,Johnny Evers,2208264
5,Judy Sanderlin,1238823
6,Rafael Haskett,643599
7,Jean Knight,935467
8,Javier Bracken,1130984
9,Stacey Castro,875497
10,Kendall Summa,2059773
11,Peggy Brooks,872919
12,Roberto Foster,2332303
13,Robert Mills,327705
14,Virginia Aubuchon,2257147
15,Benjamin Miley,872475
16,Megan Charles,2091324
17,Kareem Puckett,672486
18,James Pettigrew,1379718
19,Deborah Underwood,1142294
20,Wilma Hopkins,2432747
21,Joseph Brunner,1299242
22,Stella Parra,437779
23,Leonard Baxter,2240533
24,Julie Snyder,817575
25,Harry Becnel,2485502
26,William Pruiett,1859412
27,Mark Knapp,408113
28,Ilse Harbour,2019824
29,Paul Pooler,776110
30,Chris Croes,1022639
31,Kenneth Sneed,718866
32,Donna Merlo,306854
33,Brandon Lamar,1562204
34,Leonard Shanahan,2179158
35,Charlene Pugmire,1362320
36,Nicolette Vassel,423959
37,John Odom,1945849
38,Georgia Spahr,1234308
39,Mildred Flemming,2281932
40,Frances Torres,1111739
41,Gary Rodriguez,1321601
42,Dorothy Martinez,1537791
43,Lauren Daw,2366074
44,Jonathan Booker,2090880
45,Roger Beck,1671326
46,Carol Mozingo,1779791
47,William Roberson,338774
48,Joan Estrada,2458326
49,Betty Cowdery,1579180
50,Efrain Beltron,377260
51,Robin Shockley,1807897
52,James Stulce,1759635
53,Anthony Catron,1980046
54,Karen Payne,1325001
55,Cynthia Meza,1758333
56,Jorge Rudder,1192671
57,Seth Raby,688112
58,Robert Manning,986249
59,Heather Gonser,437277
60,Lee Muniz,1691080
61,Daniel Hunt,1693655
62,James Molacek,2152435
63,Don Elliot,1597600
64,Alice Long,2040169
65,Samantha Nissen,1799437
66,Rachel Lavadera,865358
67,Daniel Stramel,983101
68,Susan Mosley,1619108
69,Mozelle Dunn,2054318
70,Geoffrey Alan,1105413
71,Lance Hand,773805
72,David Borovec,700479
73,Brenda Kehoe,362630
74,Helen Thomas,1557942
75,Andrew Herrera,1322265
76,Wilbur Ferrell,1568861
77,Wendy Wood,927539
78,Lavonia Pittman,2401843
79,Steven Salinas,2007945
80,Michael Pillow,1653129
81,Emily Johnson,890719
82,Paul Scott,2298637
83,Stephen Gates,2125868
84,Nakia Dorsey,2153678
85,Tracy Curlee,1250534
86,Sheila Frank,1361116
87,Charles Harvey,1774044
88,Robert Curry,1791336
89,Robert Davis,1357681
90,Harry Raczka,623969
91,Ginger Urban,2136164
92,David Landa,2151274
93,Gregory Lunde,2370361
94,Henry Knopf,1643174
95,Aaron Ramos,1236783
96,Adam Nagel,974271
97,Nicholas Brooks,1158442
98,Ruby Crary,1650235
99,Wesley Laplant,2200152
100,Katie Hernandez,1429053
101,Jonathan Smith,1181460
102,Tracy Davis,2333554
103,Joan Ng,433992
104,Eugene Naone,385592
105,Chester Robinson,1329027
106,Carl Goodwin,1620213
107,Patricia Holcomb,2021550
108,Laura Duff,1971919
109,Timothy Palmer,1048463
110,Christian Munroe,526357
111,Cindy Knobbe,688807
112,George Vieira,401071
113,Theodore Powles,1742059
114,Rebecca Vang,1313276
115,Bernard Torres,2171828
116,Guillermina Bivens,428903
117,Janet Bax,370055
118,Donna Kelly,2124995
119,Edward Heald,1761976
120,Sheila Dulany,1026693
121,Matthew Lewis,1022407
122,Margie Redmond,966565
123,Roy Suttles,528166
124,Ronald Salley,1260573
125,Dave Mccormick,2007143
126,Rhonda Morrison,1529075
127,Federico Denmon,528517
128,Brandi Freeman,1668533
129,Norman Thomas,935801
130,Maria Scott,1766745
131,Wayne Atkinson,2094344
132,Pamela Weaver,1566934
133,Steven Jensen,1525449
134,Joseph Lomas,1087950
135,Janet Fisher,627671
136,Colleen Parish,2128135
137,Hallie Kirschner,1049255
138,Bryce Edgeworth,2480551
139,Connie Byrd,1289152
140,Michael Roman,1983777
141,Lydia Wicklund,2433381
142,Julius Dunnigan,2430989
143,Katherine King,1888322
144,Deena Womack,834084
145,Sean Nowden,487653
146,Melissa Mccraney,1682177
147,Robert Coney,1862531
148,Willa Wilson,972805
149,Karen Jones,1829614
150,Joe Duck,653307
151,Janice Savage,2066497
152,Jennifer Berry,497938
153,Shirley Lipe,344601
154,Antonio Farmer,2253318
155,Stephen Mann,2169702
156,Charlie Heck,1236279
157,Alison Holmes,1163943
158,Andrew Groner,1065314
159,Larry Wilson,1928590
160,Robert Stuckey,1153126
161,Maurice Lotthammer,1621964
162,Lisa White,553836
163,Billy Bookout,705441
164,Kim Garcia,515297
165,Louise Hunt,2251449
166,Alexander Pimentel,1573867
167,Lisa Parker,833137
168,Myrna Klima,538461
169,Barbara Harmon,1290288
170,Lee Hill,2458146
171,Mary Lopez,2321730
172,Vaughn Cote,786612
173,Deanna Blue,1377063
174,Sophie Garrick,2179578
175,Marguerite Scott,1301446
176,Charles Godsey,1249999
177,Hattie Robinson,1257752
178,Cynthia Jordon,1535161
179,Rocio Ramirez,2320777
180,Stephen Bolden,2127056
181,Wendell Gholston,1898378
182,Lois Fillare,1308955
183,Bobby Harris,1607956
184,Shannon Green,739020
185,Anna Chisum,1599112
186,Deloris Romero,2364654
187,Ashley Medrano,2158022
188,Gregory Allen,921319
189,John Page,1723608
190,Mark Mccord,1301948
191,David Mahan,2446526
192,Madeline Tomsic,2113915
193,Molly Goodson,1194377
194,Cynthia Beyah,486868
195,Bonnie Artis,1739536
196,Benjamin Freeman,1157065
197,Ronald Keeton,353032
198,Mattie Swindle,595411
199,Gale Mercado,375440
200,Jay Carter,2170960
201,Nadine Mckissick,757035
202,John Bart,1464504
203,Janice Uribe,2045276
204,Gerald Keeling,2208862
205,Vonnie Phonharath,1334005
206,Jennifer Hasley,656509
207,George Potter,2044323
208,Juan Hamby,1677493
209,Jeri Barger,2348242
210,Raquel Clarke,1163795
211,Ruby Reese,1784551
212,Patricia Eiben,2072171
213,Gloria Amaro,925196
214,Diane Sellers,1401551
215,Mark Olson,374570
216,Pamela Mccrary,1413890
217,Alpha Lubinski,2100709
218,James Galimi,1109066
219,Mary Lamm,2445273
220,Nancy Woody,522745
221,Robert Speight,1010178
222,Pat Patton,482213
223,Kathleen Stokes,1257813
224,Antonio William,1197988
225,Debra Peterson,1430627
226,Holly Simpson,1413587
227,John Quadnau,1943480
228,Keith Duarte,893215
229,June Banks,2356003
230,Jared Brown,1538212
231,Gary Gay,1499597
232,Charlotte Jackson,705840
233,Jaime Foronda,1884160
234,Theodore Monroe,2383523
235,Mary Scanlan,2425550
236,Shirley Valdez,400339
237,Malinda West,1577890
238,Benita Englehart,1726509
239,Donald Fergus,580593
240,Candy Hensley,2281848
241,Nell Hettinger,1276030
242,Sally Pacheco,2191502
243,Angel Lyon,2277227
244,Brandy Maglio,2234473
245,Hazel Keh,2485588
246,William Robinette,1253769
247,Clifford Meza,1674620
248,Anthony Mcilwain,2364404
249,Samuel Paulin,1855841
250,Donald Babin,1096953
251,Marcy Irwin,2281084
252,Monique Roule,1591159
253,Roxie Orcutt,2107652
254,Jerry Montano,674772
255,Aurora Bohn,1272393
256,Micheal Silkwood,532154
257,Amanda Cygan,1824605
258,Raul Cook,866408
259,David Henderson,1098938
260,James Gaylor,319729
261,Laverne Chiasson,1483691
262,Frank Wren,1311308
263,Robert Issac,2144349
264,Galen Jorge,1131457
265,Robert King,1934065
266,Jennifer Sandoval,1886295
267,Fred Gordy,2341515
268,Elwood Cole,1990262
269,Anthony Mitchell,2430650
270,Dominique Bivens,696253
271,Martha Kenan,2050692
272,Mindy Molleur,1604962
273,Antionette Lashbrook,2063183
274,Dean Earls,303671
275,Jeffrey Sharp,2087055
276,Evelyn Levy,864757
277,Madge Sweeney,712405
278,Daniel Burden,319116
279,Faith Mckay,2157365
280,Carol Mischke,1073447
281,Starr Camp,413573
282,Holly Black,1146637
283,Larry Ruth,1942474
284,Beverly Burgess,613367
285,Joseph Murphy,365169
286,Richard Williams,430945
287,Bobbie Shirley,1434183
288,Rose Fentress,2236375
289,Lawrence Aylesworth,981183
290,Daryl Chavez,500687
291,Emily Martinez,1188197
292,Daisy Blake,378081
293,Eric Carter,2453470
294,Janice Oxford,1552584
295,Jason Cannon,625404
296,Larry Harris,475727
297,Don Joubert,357902
298,Yvonne Palovick,2062132
299,Dave Wood,1243876
300,Robert Yale,1610278
301,Dorothy Auiles,853749
302,Jacob Brunson,1446141
303,Heather Evans,2374123
304,Eileen Kay,1619548
305,Hazel Cleek,471263
306,Geraldine Sappington,906681
307,Jerry Rogers,1605939
308,Jesus Wesner,959650
309,Ronald Vanblarcom,1268795
310,Rebecca Milton,1968355
311,Alan Skaggs,536836
312,Bryan Moore,1256275
313,Joe Mcpherson,1585894
314,Melissa Grose,2043842
315,Jenise Ouellette,1307205
316,Heather Mandujano,1348498
317,Charles Smith,1636733
318,Paul Magee,1642657
319,Jennifer Brzezowski,886335
320,Viola Allison,1770493
321,Waylon Mills,1694686
322,Mei Pierson,2328128
323,Corey Robinson,809705
324,Shelley Lafond,1202388
325,Phyllis Sledge,1447560
326,William Gramham,632542
327,Helen Torres,2146853
328,Miguel Martin,407484
329,Gary Schlater,881721
330,Palma Tooley,1741721
331,John Turkel,1938146
332,Brandi Johnson,940064
333,Joey Waring,1525828
334,Terrie Norman,728658
335,Philip Cianciola,1349368
336,Dorothy Boyles,1272720
337,Michelle Aichele,1422225
338,Thomas Klinkhammer,2211483
339,Raul Bunting,2437818
340,Jon Finnie,1256015
341,Brian Thompson,2225748
342,Barbara Long,301405
343,Ruth Mohammed,1386093
344,Ralph Akkerman,2480182
345,Mary Shetler,1532564
346,Sophie Craft,1818532
347,Joe Black,2001728
348,Ashley Ward,2037968
349,Katherine Davis,691858
350,Thelma Cantu,1932426
351,Marilyn Bond,773869
352,Robert Sullivan,2314464
353,Carol Kirschner,387341
354,Linda Arsenault,2278533
355,Elizabeth Arriola,612960
356,Joey Cunningham,1624239
357,Kenneth Ebert,1589943
358,Jessie Saunders,1029237
359,Raul Johnson,2041592
360,Tim Apodaca,1367200
361,Inez Lewis,530280
362,Sadie Watson,1706291
363,Carlene Brown,2256321
364,Denise Simon,2314703
365,Mary Swanson,1467479
366,Hassan Young,2188945
367,Dalton Brown,1972632
368,Marilyn Bruton,2420351
369,Charles Shaw,1986150
370,Albert Campion,2142659
371,Ada Wideman,2351081
372,Lindsey Bennett,1386427
373,Mary Ranum,1047166
374,Angela Vanmeter,2229217
375,Richard Rodriquez,1563318
376,Vincent Horning,1065881
377,Kimberly Bowland,2151654
378,Leah Rivers,1344267
379,Marsha Henkhaus,324328
380,Deborah Marlowe,870772
381,Helen Nang,2331073
382,Frances Benton,1277181
383,Joe Magallanes,858865
384,Jerry Herbert,1234438
385,Raymond Jones,1507739
386,Jerry Reynolds,1596354
387,Gary Denton,2161194
388,Harold Escobar,2334456
389,Mattie King,1525325
390,Robert Ortiz,440127
391,Jose Kremer,1912133
392,Mary Gonzalez,1437273
393,William Allen,1757869
394,Terry Hamlin,2347310
395,Ralph Kernan,1722944
396,Angie Barker,1567006
397,Christopher Johnson,2451694
398,Sonny Woodard,712495
399,Melissa Sims,2033384
400,Keith Sparrow,2403194
401,Bryan Suggs,1785018
402,Carolyn Barnwell,1910885
403,Andrew Martin,513249
404,Joyce Mchendry,1915123
405,Darlene Pool,2134410
406,Patsy Mcdonald,1269480
407,Estelle Navarro,844759
408,Marilyn Herron,486389
409,Patricia Sampson,607892
410,Terri Kruger,405998
411,Melissa Diaz,1074691
412,Pat Larson,2008634
413,Kay Gadbaw,2353360
414,Irene Hazelwood,1049454
415,Tricia Odell,983805
416,Lester Seifert,628781
417,Audrey Gilchrist,1429400
418,Kevin Geiser,1736285
419,Leonard Mcginnis,1624117
420,Thomas Kuester,2257312
421,Mary Butler,2445058
422,Ben Maye,755335
423,Clarence Marshall,2417745
424,Theresa Bialaszewski,2379897
425,Marion Harkins,1024541
426,Ann Chase,2342649
427,Linda Tolbert,389401
428,Sarah Dejesus,1646693
429,Justin Isaacs,1515079
430,Wendy Pearce,1268223
431,David Baker,1750055
432,Charlie Delung,1453231
433,Anne Ochoa,706745
434,Trudy Johnson,1062637
435,John Cowan,1509646
436,Christopher Yeiser,1444105
437,Daniel Salinas,2115529
438,Heather Tyler,1537057
439,Rosa Chambers,1810531
440,Rachel Shisler,2335873
441,Stephen Federgreen,885104
442,Deborah Riggs,1665762
443,Francis Ligget,729537
444,Sonja Lee,790729
445,Daphne Pileggi,1356469
446,Bette Lothridge,2222265
447,Laura Tilly,1501247
448,James Hosie,396607
449,Michael Ingram,313141
450,Keith Loats,1193341
451,Edith Fowler,843168
452,Berry Johnston,932441
453,Sam Phariss,2414523
454,Robert Carter,430840
455,William Smith,2305153
456,Luciana Terry,1695594
457,Garrett Rabren,1978287
458,Cora Helton,1724052
459,Betty Blalock,1034855
460,John Mcarthur,774673
461,Cory Morales,1074762
462,Mimi Phillips,1742325
463,Amy Sanchez,340797
464,Marshall Black,565747
465,Bruce Taylor,1808319
466,Shery Netto,808682
467,Arthur Peterson,1802911
468,Lee Schwipps,1792454
469,Paul Moberg,2457382
470,Clinton Dewitt,1392006
471,David Leonelli,1595031
472,Shirley Odom,1476202
473,Eli Woodruff,1785583
474,Joyce Dao,443587
475,Phillip Smith,707670
476,John Reed,1168274
477,Linda Barley,1561390
478,Kira Groves,306698
479,Sandy Taylor,2088457
480,Monica Vasquez,1194856
481,Charles Stinger,1761327
482,Travis Webb,1623017
483,Beverly Connelly,528022
484,Emma Humphrey,1419125
485,Stephen Martinez,970074
486,Tina Ambrose,538342
487,Lon Curreri,1900388
488,Megan Degennaro,460538
489,Tiffani Williams,1471565
490,Mary Tonge,1454738
491,Ana Sterling,457668
492,Edward Grubbs,1872792
493,Jamie Crawley,1032559
494,Jon Hunter,1349165
495,Amy Burgess,582059
496,Jillian Garcia,2297409
497,Monique Hudson,2355317
498,Deana Parnell,1924233
499,Sherry Royce,1358334
500,Donald Johnson,996698
501,Gary Torsiello,1841648
502,Bill Waszkiewicz,2333615
503,Michael Caine,662760
504,Victor Rea,2380732
505,Miguel Humphery,1781091
506,Mary Delgado,2390755
507,Zachary Collins,375310
508,Maria Wagaman,1863096
509,Pamela Moniz,573928
510,Edward Wheeler,534232
511,Chelsea Hacker,1992831
512,Teresa Barnes,1376258
513,Irene Phelps,2078860
514,Tracy Foulkes,1675561
515,Wilfredo Mcdougal,1832598
516,Richard Jansen,973643
517,Laura Caldwell,1819836
518,Jamie Driscoll,1497567
519,Mabel Alexander,1110147
520,Skye Skaggs,2379372
521,Marion Tanner,749884
522,Brandon Newton,451890
523,Rebecca Earnest,1885126
524,Fausto Gilmore,2321457
525,Brandon Winters,1078202
526,Betty Rubin,2168218
527,Donald Perna,1290629
528,Charles Mayes,1593533
529,Dorothy Bedford,1316223
530,Ruth Gonzalez,1588266
531,Michele Rivera,2327819
532,Thelma Laberge,946891
533,Howard Duggan,1346456
534,Christina Andrade,1605019
535,Darrel Grasso,337458
536,Joseph Woody,1418604
537,Don Toth,1563604
538,Elizabeth Knecht,1358385
539,Kenneth Ott,854456
540,Marcus Gonzales,1998376
541,Raymond Branham,2137707
542,Carol Santoyo,979934
543,Alexander Konkel,679843
544,Eric Kirby,1961065
545,Gordon Buchwald,1755349
546,Mary Follmer,670938
547,Barbara Daniels,2119478
548,Maria Engel,511509
549,Patricia Marcella,2351551
550,Mary Champion,1950946
551,Lisa Webster,2131550
552,Olga Desantiago,1990160
553,Willard Hansen,1074355
554,Matthew Callaway,2167943
555,Elizabeth Anderson,994369
556,Mary Berry,656810
557,Lisa Polak,1633113
558,Christina Dugan,891013
559,John Consla,1185107
560,Mary Lee,1161741
561,Maxine Piechoski,1213790
562,Nancy Paneto,1857938
563,Imogene Kelly,1714863
564,John Yarbrough,2196593
565,Victor Hamilton,801926
566,Travis Dodson,731105
567,Billy Beasley,1796844
568,Michael King,335909
569,Brian Taylor,2439030
570,Steven Johnson,1460768
571,Steven Harris,546386
572,Jesse South,817072
573,Arlene Nevarez,2398721
574,Loretta Nash,596058
575,Gerard West,879836
576,Edwin Johnson,635670
577,Patsy Roland,509347
578,Constance Godwin,914577
579,Ruth Myrick,2071613
580,Hannelore Seifert,2487982
581,Sue Pratt,2496997
582,Shane Crawford,357938
583,Rita Reamy,1646989
584,Emma Coleman,1920157
585,Gerry Fleming,1402890
586,Lana Fleming,1979975
587,Antonio Jackson,310938
588,Betty Butler,325236
589,Marcos Emory,563844
590,Nancy Cloud,1986588
591,William Peyser,1130923
592,Douglas Lawson,827527
593,Michael Saucier,1455396
594,Shannon Tellez,643749
595,Valerie Howard,600245
596,Teri Ray,930456
597,Perry Rodriquez,1483445
598,Patricia Swenson,333475
599,Madge Rey,887864
600,Joseph Argueta,1424853
601,Margaret Toon,2424473
602,Lee Dilsaver,1037035
603,Floyd Lewis,666762
604,George Guzman,1443793
605,Harold Lloyd,373604
606,Patricia Ray,757086
607,Jeffrey Campbell,383485
608,David Padgett,1212500
609,Sandra Scruggs,1151935
610,Margaret Lumsden,2015037
611,Joseph Freeman,424980
612,Alan Defreitas,1674032
613,Jamal Vanicek,1427363
614,Joseph Rivera,1585741
615,Mabel Turner,1025000
616,Tyler Cunningham,701510
617,Estela Burns,414830
618,Juanita Ruhland,1532444
619,John Malone,373380
620,Roger Bohne,801362
621,Wendell Thompson,2418824
622,Terri Delgadillo,2083923
623,Kevin Moreno,1670252
624,Roy Kisner,1499863
625,George Moore,854435
626,David Holton,2497370
627,Robert Blank,1025529
628,Russel Hartman,2045564
629,Richard Brown,2091521
630,Geoffrey Horne,1280346
631,Eric Patton,1049918
632,Maria Hewitt,1139867
633,Maurice Baca,1026635
634,Paul Policare,1613603
635,Christina Hoover,777154
636,Craig Decker,500475
637,Robert Levites,1035250
638,Lamont Foley,1845671
639,Edward Wynn,535665
640,Mary Henry,1381093
641,Mozelle Lovern,1423499
642,Christie Padilla,2258052
643,Pat Black,907739
644,Ellen Collins,1569703
645,Maurine Baker,775301
646,Eric Folden,879361
647,Frank Parker,1309394
648,Mary Robinson,2492327
649,Brenda Hall,890843
650,Martin Moll,1780188
651,Paul Cormier,870303
652,Ann Woody,839079
653,Ryan Hill,2168943
654,Cynthia Tucker,528779
655,Ida Brzezowski,1424223
656,Erika Snyder,991943
657,Gladys Mcclendon,689128
658,Rebecca Preston,1437828
659,Floyd Miller,1775739
660,Eric Eisenmann,837137
661,Laura Kelly,993661
662,Kenneth Sixon,1813855
663,Jude Stevens,617354
664,Veronica Edwards,2398113
665,Gerald Dearing,2384000
666,Kathy Alessi,1758042
667,Rhonda Leroy,1020999
668,Michael Saldana,1993603
669,Elmer Humphrey,1880723
670,Tammy Mills,450144
671,Janice Pierce,540000
672,Matthew Smith,2394302
673,Wanda Clouse,2254816
674,Robert Desouza,1702962
675,Ralph Walker,1587370
676,Lynn Gearheart,2330186
677,James Glander,2457140
678,Michael Hutchinson,2127610
679,David Weingarten,2089470
680,John Morgan,2174525
681,Donna Mccowan,335650
682,Linda Otero,990147
683,Orlando Fernandez,2426709
684,John Schlau,526900
685,Maria Risner,1134616
686,Saul Cunningham,1004247
687,Ralph Yan,2252680
688,Mirtha Delahoussaye,741224
689,Terrence Wilkins,613234
690,Phil Hall,1432650
691,Duane Mccullough,542015
692,Jerome Mendez,660405
693,Brandon Litwin,533357
694,Tracy Marino,1723362
695,Adriane Tatum,652241
696,Wendell Padilla,1915059
697,Octavia Johnson,2340218
698,Reid Keaton,1447590
699,Lia Whitman,1443459
700,Jeffery Perez,740537
701,William Turpin,1236002
702,Barbara Hoare,2160742
703,Samuel Medley,713649
704,Joyce Bruce,1407320
705,Pedro Dimarco,1049018
706,Denise Lopez,1508545
707,Allen Sturgeon,2383727
708,Cruz Hoffpavir,1703336
709,Kenneth Barnes,1064570
710,Mary Brown,2057942
711,Corey Diamond,370313
712,Thomas Roberts,2248756
713,Cecil Hans,2374634
714,Charles Thomas,1631307
715,Michelle Lambert,327817
716,Joan Shafer,302114
717,Kathy Harding,1672731
718,Jennifer Johnson,1498077
719,Manual Romero,719140
720,June Guers,2127870
721,Janice Lewis,922218
722,Bruce Ohanlon,1778936
723,Chi Palovick,512832
724,Earnest Walczak,1399936
725,Carey Humiston,2158445
726,Ronald Gallegos,1356041
727,Caroline Hall,2110945
728,Myrtle Jeffers,2180356
729,Georgia Ervin,1292995
730,James Wade,784736
731,Sherri Reilly,1306094
732,Maricela Birchall,554753
733,Lawrence Flowers,543645
734,Hector Stearns,2484788
735,Philip Vidinha,821129
736,Patricia Cole,2041228
737,William Wagner,992203
738,David Harvey,1692609
739,William Martinez,1167029
740,Iris Bubert,1164222
741,David Purvis,1147624
742,Julie Mcdaniels,2032380
743,Gary Griffo,1086749
744,Edwin Carpenter,1667025
745,Linda Kohl,2222603
746,Bob Gilliam,876977
747,Elizebeth Stegall,2287089
748,Angel Best,1341420
749,Carlota Brooker,1991459
750,Constance Guerra,684927
751,William Lynn,2081015
752,Darrell Owczarzak,768021
753,Brenda Boley,1389022
754,Tricia Stone,1148297
755,Walter Bass,2010106
756,Jason Wampler,1288154
757,Ronald Driscoll,1037849
758,Jimmy Sipos,1192299
759,Alan Fleming,415924
760,Ivan Reed,2302294
761,Jack Troupe,339030
762,Mandy Menard,1981205
763,Ann Smith,1856855
764,Pamela Wilson,716731
765,Paul Oviedo,1030773
766,Eleanor Glasscock,1318256
767,Jeanne Lazor,1610110
768,Rhoda Roy,1198975
769,Deidre Gruber,941686
770,Eva Salinas,786340
771,Jim Jones,2432542
772,William Baldwin,938157
773,Lisa Thomas,1920526
774,Mary Slate,1985136
775,Kendrick Zywiec,2352139
776,Aileen Brinkerhoff,381176
777,Robert Hernandez,934317
778,Grace Gilmore,837041
779,Kelly Cunningham,1835853
780,Linda Collins,711723
781,Cory Daddio,2140585
782,Donna Averitte,2295054
783,Lola Peck,1763581
784,Joshua Linden,562110
785,Stuart Reed,350208
786,Chelsea Quintero,1730455
787,Margaret Varley,671714
788,Elizabeth Santoro,620540
789,Michael Strong,576877
790,Naomi Scandurra,2384073
791,Donald Strickland,322010
792,James Joshua,2480471
793,Martha Caudill,369260
794,Judi Goodman,1918621
795,Kimberly Souers,1380581
796,Mark Reyna,1121021
797,Kristen Schleicher,1701686
798,Thomas Martin,1196800
799,Kayla Martin,1859002
800,Ashley Testerman,363996
801,Pearlie Hill,1707489
802,Anastacia Eagan,2243354
803,Darrell Cass,2100419
804,Stephen Cook,1689852
805,Russell Cargill,505225
806,Pam Breuer,2393944
807,Shantae Leon,891523
808,Terry Landi,1874243
809,Martha Ruiz,1799865
810,Richard Marsh,1773325
811,Timothy Dempsey,407784
812,Felicia Mays,1008419
813,Samatha Daughtry,1456041
814,Donna Vasquez,347353
815,Jeremy Handy,2021775
816,Jason Doyle,2151105
817,Karissa Aguiar,2299286
818,Edward Seeholzer,587241
819,Ruth Johnson,306314
820,Sharon Allred,2363192
821,Jose Webb,924351
822,Mathew Schmidt,2261855
823,Doris Morgan,1635402
824,Jennefer Mohorovich,1400246
825,Edward Trujillo,500628
826,Tammy Chagoya,2064958
827,Brandon Marshall,1312045
828,Rachelle Price,1228529
829,Ella Cress,1304077
830,Stanley Taveras,2033625
831,Julie Parr,2258801
832,Roxann Bates,1278096
833,Ervin Angulo,1691461
834,Doris Echols,1350925
835,Andrew Perkins,1007746
836,Ruth Soape,1417939
837,David England,1275766
838,Guadalupe Brown,1120706
839,Linda Black,356026
840,Leonor Shyne,1881325
841,Vernon Peters,392521
842,Danny Mcfadden,855927
843,Benjamin Landingham,1355245
844,Amanda Dupre,2186136
845,Allison Doggett,1310919
846,Norma Collins,1528750
847,Sammy Childers,2302449
848,Jeffrey Rowe,640152
849,Corinne Ayers,908382
850,Charlie Williams,2245607
851,Geneva Hunt,599213
852,Jesse Oneal,2130156
853,George Villalva,1031107
854,Wanda Caulder,1073193
855,Jaime Wiggins,2356474
856,Henry Gipson,1382830
857,Nicolas Supernaw,2425125
858,Augustus Marson,595629
859,Stefani Mcafee,486590
860,Amy Hunt,1137169
861,Anita Gomez,1309542
862,Brian Herman,1771074
863,Mary Randall,344258
864,Robert Werner,863692
865,Miguel Silva,1422502
866,Catina Hill,2350828
867,Nadine Stoeger,498601
868,Elizabeth Burns,1610730
869,Amberly Hanna,400427
870,Leon Nichols,1966748
871,Charles Lopez,1103553
872,Geneva Leanen,1915449
873,Terry Young,1474144
874,Stacey Currie,664241
875,Jose Mode,1751313
876,Diana Ripley,1977237
877,Richard Paradee,486791
878,Kelly Smith,1503252
879,Delpha Richardson,1112561
880,Robert Woods,521347
881,Adella Abernathy,2123312
882,Anthony Randall,2318143
883,Wayne Calleja,1949105
884,Carol Rodocker,1869897
885,Teresa Walton,2004550
886,Sam Campbell,1266328
887,William Johnson,571061
888,Jessie Anderson,1383217
889,Julie Wander,305139
890,Ramona Novak,1506536
891,Tara Shuler,912551
892,Mary Schulte,981131
893,Bernard Hickox,883539
894,Lois Gonzalez,544500
895,Iris Li,487623
896,Cyril Mileski,2297268
897,Catherine Fillers,897573
898,Mary Hoefler,1848548
899,Willie Isola,1277361
900,Daniel Cohen,1282355
901,Lamar Pendleton,1239669
902,Benjamin Auton,832399
903,Mary Holvey,2018656
904,Louise Pedro,1687531
905,Esther Carson,2253104
906,Andrew Maurer,378158
907,Roy Morgan,1345430
908,Adriana Berger,1806249
909,Marco Mason,1924257
910,Patricia Derrico,2428753
911,Dorthy Duggan,1940563
912,Inez Lolley,2024994
913,Jason Perez,308313
914,Nicholas Kuhn,2485813
915,Linda Barabas,1403804
916,Ty Pittman,715516
917,Raymond Reynolds,1786464
918,John Abdullah,1721173
919,Daryl Heitmann,307968
920,Frank Campbell,574752
921,Jarvis Maya,2032636
922,Patrick Spencer,2033921
923,Daniel Warren,2110140
924,Elaine Melton,1390934
925,Richard Levy,1701238
926,Timothy Foy,1327257
927,Joseph Brevard,2096266
928,Dustin Carpenter,1991214
929,Susan Oconnell,1172225
930,Daryl Chinn,1516421
931,Sarah Smithson,2434274
932,Kari Sullivan,910882
933,Lance Walton,865071
934,Sean Lopez,2090935
935,Orville Jones,1056647
936,Marisol Robinson,1260394
937,Brian Cagney,1956078
938,Teri Bessick,760504
939,Sheena Bethune,2062182
940,William Howard,2489609
941,Eva Bryant,1587050
942,Joshua Ashton,2045586
943,Douglas Wilbanks,2159512
944,Lynn Jackson,1152950
945,Bryan Welch,1241683
946,Ruth Davidson,619262
947,Charles Marshall,1860120
948,Lois Knight,935111
949,Charlene Toscano,2406901
950,Mark Stiles,1245153
951,Marvin Butler,2226209
952,James Walden,2088488
953,Charles Smith,2214899
954,Roy Houseal,1829932
955,Harry Eppinger,393077
956,Debra Daugherty,455401
957,John Owens,1328024
958,Carol Vanscoy,1202278
959,Enrique Norris,1638496
960,Dannette Frasier,2099814
961,Thomas Nelson,1327577
962,Thelma Hammond,894846
963,Mercedez Waller,2360931
964,Richard Barr,687657
965,Mabel Benavides,1715275
966,Jacqueline Spritzer,1879894
967,Jaime Thomas,388092
968,Phillip Barnett,425557
969,David Faber,1072483
970,Bernard Delton,355361
971,Scott Baumgartner,1837652
972,Alexa Williams,1648860
973,Katrina Bruce,798964
974,Fannie Cavazos,1669250
975,Ahmad Bowers,2068424
976,Conrad Ober,1649775
977,Robert Evans,909380
978,Jefferson David,813351
979,Benjamin Smithheart,2432674
980,Margaret Anthony,1642972
981,Paul Stewart,1830262
982,Alan Wyss,1260056
983,Jonathon Saur,339248
984,Ralph Boone,1784687
985,Paul Neumann,1964056
986,Geneva Copeland,327826
987,Vickie Cochran,381473
988,Catherine Bowden,874615
989,Candice Ford,1732828
990,Amanda Sinicki,1799562
991,Timothy Lyons,1290989
992,Gina Graham,2473015
993,Nancy Price,1367906
994,Erma Diaz,2166483
995,Timothy Blanchard,1836229
996,William Durham,483877
997,Colin Long,1158675
998,Therese Barrette,635625
999,Randall Tucker,1203525
